INSERT INTO Countries (country_code, country_name) VALUES
('US', 'United States'),
('CA', 'Canada'),
('GB', 'United Kingdom'),
('AU', 'Australia'),
('DE', 'Germany'),
('FR', 'France'),
('IN', 'India'),
('CN', 'China'),
('JP', 'Japan'),
('BR', 'Brazil'),
('MX', 'Mexico'),
('ZA', 'South Africa'),
('RU', 'Russia'),
('IT', 'Italy'),
('ES', 'Spain'),
('KR', 'South Korea'),
('AR', 'Argentina'),
('SA', 'Saudi Arabia'),
('AE', 'United Arab Emirates'),
('SG', 'Singapore'),
('NZ', 'New Zealand'),
('NL', 'Netherlands'),
('SE', 'Sweden'),
('CH', 'Switzerland'),
('BE', 'Belgium'),
('IE', 'Ireland'),
('NO', 'Norway'),
('DK', 'Denmark'),
('FI', 'Finland'),
('GR', 'Greece'),
('PT', 'Portugal'),
('PL', 'Poland'),
('CZ', 'Czech Republic'),
('HU', 'Hungary'),
('TR', 'Turkey'),
('ID', 'Indonesia'),
('MY', 'Malaysia'),
('PH', 'Philippines'),
('TH', 'Thailand'),
('VN', 'Vietnam'),
('EG', 'Egypt'),
('NG', 'Nigeria'),
('KE', 'Kenya'),
('PK', 'Pakistan'),
('BD', 'Bangladesh'),
('HK', 'Hong Kong'),
('TW', 'Taiwan');



-- Insert US States
INSERT INTO Provinces (province_name, province_code, country_code) VALUES
('Alabama', 'AL', 'US'),
('Alaska', 'AK', 'US'),
('Arizona', 'AZ', 'US'),
('Arkansas', 'AR', 'US'),
('California', 'CA', 'US'),
('Colorado', 'CO', 'US'),
('Connecticut', 'CT', 'US'),
('Delaware', 'DE', 'US'),
('Florida', 'FL', 'US'),
('Georgia', 'GA', 'US'),
('Hawaii', 'HI', 'US'),
('Idaho', 'ID', 'US'),
('Illinois', 'IL', 'US'),
('Indiana', 'IN', 'US'),
('Iowa', 'IA', 'US'),
('Kansas', 'KS', 'US'),
('Kentucky', 'KY', 'US'),
('Louisiana', 'LA', 'US'),
('Maine', 'ME', 'US'),
('Maryland', 'MD', 'US'),
('Massachusetts', 'MA', 'US'),
('Michigan', 'MI', 'US'),
('Minnesota', 'MN', 'US'),
('Mississippi', 'MS', 'US'),
('Missouri', 'MO', 'US'),
('Montana', 'MT', 'US'),
('Nebraska', 'NE', 'US'),
('Nevada', 'NV', 'US'),
('New Hampshire', 'NH', 'US'),
('New Jersey', 'NJ', 'US'),
('New Mexico', 'NM', 'US'),
('New York', 'NY', 'US'),
('North Carolina', 'NC', 'US'),
('North Dakota', 'ND', 'US'),
('Ohio', 'OH', 'US'),
('Oklahoma', 'OK', 'US'),
('Oregon', 'OR', 'US'),
('Pennsylvania', 'PA', 'US'),
('Rhode Island', 'RI', 'US'),
('South Carolina', 'SC', 'US'),
('South Dakota', 'SD', 'US'),
('Tennessee', 'TN', 'US'),
('Texas', 'TX', 'US'),
('Utah', 'UT', 'US'),
('Vermont', 'VT', 'US'),
('Virginia', 'VA', 'US'),
('Washington', 'WA', 'US'),
('West Virginia', 'WV', 'US'),
('Wisconsin', 'WI', 'US'),
('Wyoming', 'WY', 'US');

-- Insert Canadian Provinces and Territories
INSERT INTO Provinces (province_name, province_code, country_code) VALUES
('Alberta', 'AB', 'CA'),
('British Columbia', 'BC', 'CA'),
('Manitoba', 'MB', 'CA'),
('New Brunswick', 'NB', 'CA'),
('Newfoundland and Labrador', 'NL', 'CA'),
('Nova Scotia', 'NS', 'CA'),
('Ontario', 'ON', 'CA'),
('Prince Edward Island', 'PE', 'CA'),
('Quebec', 'QC', 'CA'),
('Saskatchewan', 'SK', 'CA'),
('Northwest Territories', 'NT', 'CA'),
('Nunavut', 'NU', 'CA'),
('Yukon', 'YT', 'CA');


-- Property_Type Insert Statements
INSERT INTO Property_Type (type_name) VALUES
('For Rent'),
('For Lease'),
('For Sale'),
('New Construction'),
('Student Housing'),
('Professional Relocation');
